year	question	paper_id	source_url	prize_label	review_scope	accessed
2025	A	A196	https://dxs.moe.gov.cn/zx/a/hd_sxjm_sxjmlw_2025qgdxssxjmjslwzs_2025atlw/251101/2022729.shtml	官方合作平台展示样本（奖项级别未统一标注）	abstract_reviewed	2026-08-17
2025	B	B060	https://dxs.moe.gov.cn/zx/a/hd_sxjm_sxjmlw_2025qgdxssxjmjslwzs_2025btlw/251101/2022733.shtml	官方合作平台展示样本（奖项级别未统一标注）	abstract_reviewed	2026-08-17
2025	B	B157	https://dxs.moe.gov.cn/zx/a/hd_sxjm_sxjmlw_2025qgdxssxjmjslwzs_2025btlw/251107/2023197.shtml	官方合作平台展示样本（奖项级别未统一标注）	abstract_reviewed	2026-08-17
2025	C	C132	https://dxs.moe.gov.cn/zx/a/hd_sxjm_sxjmlw_2025qgdxssxjmjslwzs_2025ctlw/251101/2022740.shtml	官方合作平台展示样本（奖项级别未统一标注）	abstract_reviewed	2026-08-17
2025	C	C023	https://dxs.moe.gov.cn/zx/a/hd_sxjm_sxjmlw_2025qgdxssxjmjslwzs_2025ctlw/251101/2022736.shtml	官方合作平台展示样本（奖项级别未统一标注）	abstract_reviewed	2026-08-17
2025	D	D037	https://dxs.moe.gov.cn/zx/a/hd_sxjm_sxjmlw_2025qgdxssxjmjslwzs_2025dtlw/251101/2022742.shtml	官方合作平台展示样本（奖项级别未统一标注）	abstract_reviewed	2026-08-17
2025	E	E030	https://dxs.moe.gov.cn/zx/a/hd_sxjm_sxjmlw_2025qgdxssxjmjslwzs_2025etlw/251101/2022744.shtml	官方合作平台展示样本（奖项级别未统一标注）	abstract_reviewed	2026-08-17
2024	A	A163	https://dxs.moe.gov.cn/zx/a/hd_sxjm_sxjmlw_2024qgdxssxjmjslwzs_2024atlw/241104/1977935.shtml	官方合作平台展示样本（奖项级别未统一标注）	abstract_reviewed	2026-08-17
2024	A	A242	https://dxs.moe.gov.cn/zx/a/hd_sxjm_sxjmlw_2024qgdxssxjmjslwzs_2024atlw/241104/1977939.shtml	官方合作平台展示样本（奖项级别未统一标注）	abstract_reviewed	2026-08-17
2024	A	A178	https://dxs.moe.gov.cn/zx/a/hd_sxjm_sxjmlw_2024qgdxssxjmjslwzs_2024atlw/241104/1977937.shtml	官方合作平台展示样本（奖项级别未统一标注）	abstract_reviewed	2026-08-17
2024	A	A016	https://dxs.moe.gov.cn/zx/a/hd_sxjm_sxjmlw_2024qgdxssxjmjslwzs_2024atlw/241104/1977931.shtml	官方合作平台展示样本（奖项级别未统一标注）	abstract_reviewed	2026-08-17
2024	A	A053	https://dxs.moe.gov.cn/zx/a/hd_sxjm_sxjmlw_2024qgdxssxjmjslwzs_2024atlw/241104/1977933.shtml	官方合作平台展示样本（奖项级别未统一标注）	abstract_reviewed	2026-08-17
2024	B	B159	https://dxs.moe.gov.cn/zx/a/hd_sxjm_sxjmlw_2024qgdxssxjmjslwzs_2024btlw/241104/1977943.shtml	官方合作平台展示样本（奖项级别未统一标注）	abstract_reviewed	2026-08-17
2024	B	B195	https://dxs.moe.gov.cn/zx/a/hd_sxjm_sxjmlw_2024qgdxssxjmjslwzs_2024btlw/241104/1977945.shtml	官方合作平台展示样本（奖项级别未统一标注）	abstract_reviewed	2026-08-17
2024	B	B196	https://dxs.moe.gov.cn/zx/a/hd_sxjm_sxjmlw_2024qgdxssxjmjslwzs_2024btlw/241104/1977950.shtml	官方合作平台展示样本（奖项级别未统一标注）	abstract_reviewed	2026-08-17
2024	C	C038	https://dxs.moe.gov.cn/zx/a/hd_sxjm_sxjmlw_2024qgdxssxjmjslwzs_2024ctlw/241104/1977952.shtml	官方合作平台展示样本（奖项级别未统一标注）	abstract_reviewed	2026-08-17
2024	C	C234	https://dxs.moe.gov.cn/zx/a/hd_sxjm_sxjmlw_2024qgdxssxjmjslwzs_2024ctlw/241104/1977963.shtml	官方合作平台展示样本（奖项级别未统一标注）	abstract_reviewed	2026-08-17
2024	C	C063	https://dxs.moe.gov.cn/zx/a/hd_sxjm_sxjmlw_2024qgdxssxjmjslwzs_2024ctlw/241104/1977958.shtml	官方合作平台展示样本（奖项级别未统一标注）	abstract_reviewed	2026-08-17
2024	C	C094	https://dxs.moe.gov.cn/zx/a/hd_sxjm_sxjmlw_2024qgdxssxjmjslwzs_2024ctlw/241104/1977961.shtml	官方合作平台展示样本（奖项级别未统一标注）	abstract_reviewed	2026-08-17
2024	D	D033	https://dxs.moe.gov.cn/zx/a/hd_sxjm_sxjmlw_2024qgdxssxjmjslwzs_2024dtlw/241104/1977965.shtml	官方合作平台展示样本（奖项级别未统一标注）	abstract_reviewed	2026-08-17
2024	E	E010	https://dxs.moe.gov.cn/zx/a/hd_sxjm_sxjmlw_2024qgdxssxjmjslwzs_2024etlw/241104/1977967.shtml	官方合作平台展示样本（奖项级别未统一标注）	abstract_reviewed	2026-08-17
2024	E	E218	https://dxs.moe.gov.cn/zx/a/hd_sxjm_sxjmlw_2024qgdxssxjmjslwzs_2024etlw/241104/1977971.shtml	官方合作平台展示样本（奖项级别未统一标注）	abstract_reviewed	2026-08-17
2024	E	E061	https://dxs.moe.gov.cn/zx/a/hd_sxjm_sxjmlw_2024qgdxssxjmjslwzs_2024etlw/241104/1977969.shtml	官方合作平台展示样本（奖项级别未统一标注）	abstract_reviewed	2026-08-17
2023	A	A0165	https://dxs.moe.gov.cn/zx/a/hd_sxjm_sxjmlw_2023qgdxssxjmjslwzs_2023atlw/231104/1865112.shtml	官方合作平台展示样本（奖项级别未统一标注）	abstract_reviewed	2026-08-17
2023	A	A0127	https://dxs.moe.gov.cn/zx/a/hd_sxjm_sxjmlw_2023qgdxssxjmjslwzs_2023atlw/231104/1865106.shtml	官方合作平台展示样本（奖项级别未统一标注）	abstract_reviewed	2026-08-17
2023	A	A092	https://dxs.moe.gov.cn/zx/a/hd_sxjm_sxjmlw_2023qgdxssxjmjslwzs_2023atlw/231104/1865104.shtml	官方合作平台展示样本（奖项级别未统一标注）	abstract_reviewed	2026-08-17
2023	B	B477	https://dxs.moe.gov.cn/zx/a/hd_sxjm_sxjmlw_2023qgdxssxjmjslwzs_2023btlw/231104/1865120.shtml	官方合作平台展示样本（奖项级别未统一标注）	abstract_reviewed	2026-08-17
2023	B	B311	https://dxs.moe.gov.cn/zx/a/hd_sxjm_sxjmlw_2023qgdxssxjmjslwzs_2023btlw/231104/1865118.shtml	官方合作平台展示样本（奖项级别未统一标注）	abstract_reviewed	2026-08-17
2023	B	B226	https://dxs.moe.gov.cn/zx/a/hd_sxjm_sxjmlw_2023qgdxssxjmjslwzs_2023btlw/231104/1865116.shtml	官方合作平台展示样本（奖项级别未统一标注）	abstract_reviewed	2026-08-17
2023	C	C228	https://dxs.moe.gov.cn/zx/a/hd_sxjm_sxjmlw_2023qgdxssxjmjslwzs_2023ctlw/231104/1865128.shtml	官方合作平台展示样本（奖项级别未统一标注）	abstract_reviewed	2026-08-17
2023	C	C126	https://dxs.moe.gov.cn/zx/a/hd_sxjm_sxjmlw_2023qgdxssxjmjslwzs_2023ctlw/231104/1865126.shtml	官方合作平台展示样本（奖项级别未统一标注）	abstract_reviewed	2026-08-17
2023	C	C050	https://dxs.moe.gov.cn/zx/a/hd_sxjm_sxjmlw_2023qgdxssxjmjslwzs_2023ctlw/231104/1865124.shtml	官方合作平台展示样本（奖项级别未统一标注）	abstract_reviewed	2026-08-17
2023	D	D039	https://dxs.moe.gov.cn/zx/a/hd_sxjm_sxjmlw_2023qgdxssxjmjslwzs_2023dtlw/231104/1865132.shtml	官方合作平台展示样本（奖项级别未统一标注）	abstract_reviewed	2026-08-17
2023	E	E176	https://dxs.moe.gov.cn/zx/a/hd_sxjm_sxjmlw_2023qgdxssxjmjslwzs_2023etlw/231104/1865138.shtml	官方合作平台展示样本（奖项级别未统一标注）	abstract_reviewed	2026-08-17
2023	E	E032	https://dxs.moe.gov.cn/zx/a/hd_sxjm_sxjmlw_2023qgdxssxjmjslwzs_2023etlw/231104/1865134.shtml	官方合作平台展示样本（奖项级别未统一标注）	abstract_reviewed	2026-08-17
2022	A	A001	https://dxs.moe.gov.cn/zx/a/hd_sxjm_sxjmlw_2022qgdxssxjmjslwzs/221106/1820295.shtml	官方合作平台展示样本（奖项级别未统一标注）	abstract_reviewed	2026-08-17
2022	A	A022	https://dxs.moe.gov.cn/zx/a/hd_sxjm_sxjmlw_2022qgdxssxjmjslwzs/221106/1820293.shtml	官方合作平台展示样本（奖项级别未统一标注）	abstract_reviewed	2026-08-17
2022	A	A171	https://dxs.moe.gov.cn/zx/a/hd_sxjm_sxjmlw_2022qgdxssxjmjslwzs/221106/1820291.shtml	官方合作平台展示样本（奖项级别未统一标注）	abstract_reviewed	2026-08-17
2022	B	B030	https://dxs.moe.gov.cn/zx/a/hd_sxjm_sxjmlw_2022qgdxssxjmjslwzs/221106/1820289.shtml	官方合作平台展示样本（奖项级别未统一标注）	abstract_reviewed	2026-08-17
2022	B	B035	https://dxs.moe.gov.cn/zx/a/hd_sxjm_sxjmlw_2022qgdxssxjmjslwzs/221106/1820287.shtml	官方合作平台展示样本（奖项级别未统一标注）	abstract_reviewed	2026-08-17
2022	B	B086	https://dxs.moe.gov.cn/zx/a/hd_sxjm_sxjmlw_2022qgdxssxjmjslwzs/221106/1820285.shtml	官方合作平台展示样本（奖项级别未统一标注）	abstract_reviewed	2026-08-17
2022	C	C155	https://dxs.moe.gov.cn/zx/a/hd_sxjm_sxjmlw_2022qgdxssxjmjslwzs/221106/1820281.shtml	官方合作平台展示样本（奖项级别未统一标注）	abstract_reviewed	2026-08-17
2022	D	D999	https://dxs.moe.gov.cn/zx/a/hd_sxjm_sxjmlw_2022qgdxssxjmjslwzs/221106/1820275.shtml	官方合作平台展示样本（奖项级别未统一标注）	abstract_reviewed	2026-08-17
2022	E	E014	https://dxs.moe.gov.cn/zx/a/hd_sxjm_sxjmlw_2022qgdxssxjmjslwzs/221106/1820273.shtml	官方合作平台展示样本（奖项级别未统一标注）	abstract_reviewed	2026-08-17
2022	E	E029	https://dxs.moe.gov.cn/zx/a/hd_sxjm_sxjmlw_2022qgdxssxjmjslwzs/221106/1820271.shtml	官方合作平台展示样本（奖项级别未统一标注）	abstract_reviewed	2026-08-17
2021	A	A028	https://dxs.moe.gov.cn/zx/a/hd_sxjm_sxjmlw_2021qgdxssxjmjslwzs/241212/1734060.shtml	官方合作平台展示样本（奖项级别未统一标注）	abstract_reviewed	2026-08-17
2021	A	A115	https://dxs.moe.gov.cn/zx/a/hd_sxjm_sxjmlw_2021qgdxssxjmjslwzs/241212/1734062.shtml	官方合作平台展示样本（奖项级别未统一标注）	abstract_reviewed	2026-08-17
2021	A	A217	https://dxs.moe.gov.cn/zx/a/hd_sxjm_sxjmlw_2021qgdxssxjmjslwzs/241212/1734066.shtml	官方合作平台展示样本（奖项级别未统一标注）	abstract_reviewed	2026-08-17
2021	B	B007	https://dxs.moe.gov.cn/zx/a/hd_sxjm_sxjmlw_2021qgdxssxjmjslwzs/241212/1734070.shtml	官方合作平台展示样本（奖项级别未统一标注）	abstract_reviewed	2026-08-17
2021	B	B026	https://dxs.moe.gov.cn/zx/a/hd_sxjm_sxjmlw_2021qgdxssxjmjslwzs/241212/1734072.shtml	官方合作平台展示样本（奖项级别未统一标注）	abstract_reviewed	2026-08-17
2021	B	B160	https://dxs.moe.gov.cn/zx/a/hd_sxjm_sxjmlw_2021qgdxssxjmjslwzs/241213/1734074.shtml	官方合作平台展示样本（奖项级别未统一标注）	abstract_reviewed	2026-08-17
2021	B	B050	https://dxs.moe.gov.cn/zx/a/hd_sxjm_sxjmlw_2021qgdxssxjmjslwzs/241213/1734083.shtml	官方合作平台展示样本（奖项级别未统一标注）	abstract_reviewed	2026-08-17
2021	C	C066	https://dxs.moe.gov.cn/zx/a/hd_sxjm_sxjmlw_2021qgdxssxjmjslwzs/241212/1734085.shtml	官方合作平台展示样本（奖项级别未统一标注）	abstract_reviewed	2026-08-17
2021	C	C085	https://dxs.moe.gov.cn/zx/a/hd_sxjm_sxjmlw_2021qgdxssxjmjslwzs/241212/1734093.shtml	官方合作平台展示样本（奖项级别未统一标注）	abstract_reviewed	2026-08-17
2021	C	C169	https://dxs.moe.gov.cn/zx/a/hd_sxjm_sxjmlw_2021qgdxssxjmjslwzs/241212/1734095.shtml	官方合作平台展示样本（奖项级别未统一标注）	abstract_reviewed	2026-08-17
2021	C	C283	https://dxs.moe.gov.cn/zx/a/hd_sxjm_sxjmlw_2021qgdxssxjmjslwzs/241212/1734097.shtml	官方合作平台展示样本（奖项级别未统一标注）	abstract_reviewed	2026-08-17
2021	D	D017	https://dxs.moe.gov.cn/zx/a/hd_sxjm_sxjmlw_2021qgdxssxjmjslwzs/241213/1734101.shtml	官方合作平台展示样本（奖项级别未统一标注）	abstract_reviewed	2026-08-17
2021	D	D026	https://dxs.moe.gov.cn/zx/a/hd_sxjm_sxjmlw_2021qgdxssxjmjslwzs/241212/1734105.shtml	官方合作平台展示样本（奖项级别未统一标注）	abstract_reviewed	2026-08-17
2021	D	D034	https://dxs.moe.gov.cn/zx/a/hd_sxjm_sxjmlw_2021qgdxssxjmjslwzs/241212/1734107.shtml	官方合作平台展示样本（奖项级别未统一标注）	abstract_reviewed	2026-08-17
2021	E	E014	https://dxs.moe.gov.cn/zx/a/hd_sxjm_sxjmlw_2021qgdxssxjmjslwzs/241213/1734099.shtml	官方合作平台展示样本（奖项级别未统一标注）	abstract_reviewed	2026-08-17
2021	E	E025	https://dxs.moe.gov.cn/zx/a/hd_sxjm_sxjmlw_2021qgdxssxjmjslwzs/241212/1734196.shtml	官方合作平台展示样本（奖项级别未统一标注）	abstract_reviewed	2026-08-17
2021	E	E037	https://dxs.moe.gov.cn/zx/a/hd_sxjm_sxjmlw_2021qgdxssxjmjslwzs/241212/1734230.shtml	官方合作平台展示样本（奖项级别未统一标注）	abstract_reviewed	2026-08-17
